osmid,lat,lng,names
27495897,44.227996,-76.4908268,
27495909,44.2226553,-76.4982518,
27495911,44.2244394,-76.4941718,
30341998,44.2298468,-76.4969613,
30342043,44.2223866,-76.5010065,
30342044,44.2296821,-76.5015868,
30342075,44.2297434,-76.4999864,
30342076,44.2272978,-76.4997423,
30342093,44.225044,-76.4974769,
30342121,44.2278548,-76.4967324,
30342126,44.2296934,-76.493004,
30342127,44.2297833,-76.4944441,
30342159,44.2286198,-76.5015038,
30342160,44.2286743,-76.4998851,
30342164,44.2276719,-76.4918741,
30342165,44.2247953,-76.4916043,
30342168,44.2259974,-76.4933852,
30342171,44.2254809,-76.4936232,
30342207,44.227297,-76.4898404,
30342208,44.2273712,-76.4907613,
30362877,44.2236819,-76.4995537,
30363095,44.2231482,-76.4903471,
30363114,44.2229736,-76.4899061,
30363336,44.2226104,-76.4902963,
30363952,44.2229661,-76.4901646,
31395374,44.2247281,-76.4920893,
31395383,44.2275877,-76.4982186,
32871499,44.2253911,-76.4932782,
32993826,44.2249531,-76.4900782,
32993827,44.2249128,-76.4900875,
32993830,44.2238077,-76.4899258,
32993891,44.2235889,-76.4902624,
32993911,44.2258492,-76.4906091,
32993913,44.225762,-76.4916949,
32994060,44.2273106,-76.4896736,
33413527,44.2244537,-76.5011719,
33721047,44.2243834,-76.4945764,
34148128,44.2254447,-76.4945715,
34148129,44.2254562,-76.4940172,
34148130,44.2256854,-76.4942657,
34148131,44.2259116,-76.4945255,
34148132,44.2248834,-76.4987573,
34200190,44.222466,-76.4954751,
34200201,44.2219526,-76.4901231,
35721255,44.2243307,-76.4949564,
35721263,44.2246463,-76.4951011,
35721266,44.2243062,-76.4951331,
35721358,44.2256663,-76.4930944,
35721359,44.2256118,-76.4928451,
35721360,44.2256517,-76.4925314,
35721488,44.2261726,-76.4936434,
35721491,44.2255288,-76.4939086,
35721514,44.2289694,-76.4968659,
97135135,44.2273197,-76.491841,
97157791,44.2221809,-76.4934522,
97157917,44.2225121,-76.4935144,
97157922,44.2229572,-76.4934726,
97175445,44.2297958,-76.4984741,
108805208,44.225661,-76.4967132,
108805209,44.2251737,-76.4966045,
108805414,44.2254495,-76.4972003,
108807639,44.2265978,-76.4947018,
108807643,44.2278569,-76.4947918,
108807813,44.2265331,-76.493394,
108808195,44.2269975,-76.4947192,
108809977,44.2269895,-76.4940018,
108810488,44.2262175,-76.4947039,
108810490,44.2260762,-76.4933865,
108810970,44.2264116,-76.4922376,
108810980,44.2262218,-76.491738,
305088290,44.2257542,-76.4911225,
305088318,44.2272229,-76.4923639,
305088949,44.2250014,-76.4971848,
305090886,44.2222408,-76.4909867,
305091170,44.2264446,-76.49271,
305091177,44.2262341,-76.4926487,
305091189,44.2264666,-76.4924302,
305091193,44.2264476,-76.4922985,
305091200,44.2263714,-76.4925197,
305091206,44.2263487,-76.4924607,
305091212,44.2262605,-76.4922322,
305091351,44.2289177,-76.4955849,
305091352,44.2289065,-76.4950846,
305157987,44.225601,-76.4943748,
305157992,44.2254817,-76.4943493,
387492710,44.2278334,-76.4964389,
387493308,44.2278248,-76.4973129,
387493309,44.228117,-76.4973499,
387493310,44.2280103,-76.4968518,
387493501,44.2293629,-76.4969043,
387494344,44.2289664,-76.4968001,
401541049,44.2277487,-76.4919837,
401541050,44.2277122,-76.4908837,
401541055,44.2258004,-76.4906811,
401541069,44.2273685,-76.4906226,
401544444,44.2224647,-76.5010184,
401544462,44.2228536,-76.4928795,
401544481,44.2228497,-76.4904181,
401544482,44.2250021,-76.4906304,
401544483,44.2248575,-76.49161,
401544485,44.2247811,-76.4921255,
401544493,44.2243473,-76.495476,
401544497,44.2253354,-76.4955065,
401544500,44.22622,-76.4954932,
401544502,44.2268589,-76.4954864,
401544548,44.228981,-76.4956506,
401544557,44.2266484,-76.4956715,
401544560,44.2260959,-76.4956771,
401544563,44.2256528,-76.4956815,
401544577,44.2259058,-76.4897236,
401544580,44.2260612,-76.4894759,
401544666,44.2248614,-76.4906052,
401544677,44.2241217,-76.4957989,
401544690,44.2243075,-76.4956974,
401544700,44.2238589,-76.498363,
401544713,44.2228961,-76.490298,
401550382,44.2292669,-76.4900657,
401550384,44.2294209,-76.4908941,
401550387,44.2293635,-76.4898841,
401552054,44.2298295,-76.4897574,
401554653,44.2299027,-76.4955364,
401554663,44.2288655,-76.4930434,
401554664,44.2287956,-76.4909905,
401554665,44.2289895,-76.4908266,
401554666,44.2292902,-76.4902078,
401554669,44.2288076,-76.4908404,
401554670,44.2292552,-76.4899843,
401556469,44.2278315,-76.492876,
401556470,44.2288589,-76.4929557,
401556471,44.2289296,-76.4929609,
401556472,44.2289917,-76.4929656,
401556473,44.2296457,-76.4929263,
401556493,44.229772,-76.4930936,
401556494,44.2297004,-76.493083,
401556495,44.2290194,-76.493112,
401558732,44.2275318,-76.4908691,
401558733,44.2275877,-76.4918662,
401558735,44.2277204,-76.493998,
401558736,44.2277646,-76.4947986,
401558737,44.2277916,-76.4954654,
401563900,44.2227379,-76.4981336,
401563901,44.223751,-76.498249,
401563902,44.2237331,-76.4984295,
401563903,44.2227257,-76.4982683,
401563907,44.2247328,-76.4993582,
401563920,44.2272127,-76.499797,
401563923,44.2267552,-76.4998887,
401563934,44.2248934,-76.4994599,
401563938,44.2244904,-76.4996313,
401563941,44.2226088,-76.4995207,
401563942,44.2226239,-76.4993653,
401563945,44.2237615,-76.4994934,
401563947,44.2243529,-76.4995303,
401563951,44.2248925,-76.4985096,
401563953,44.2249785,-76.4978458,
401563959,44.2249923,-76.4956902,
401563960,44.2249897,-76.4967996,
401563966,44.2250769,-76.4973242,
401563969,44.225081,-76.4981443,
401563972,44.224936,-76.4987753,
401563980,44.2230559,-76.4949275,
401563981,44.2242722,-76.4949401,
401563985,44.2242128,-76.4954654,
401563988,44.2248506,-76.4916777,
401563989,44.2257187,-76.4917488,
401563990,44.2262215,-76.4917981,
401563992,44.2275916,-76.4919454,
401563993,44.2275839,-76.4917903,
401563994,44.2248652,-76.4915352,
401563995,44.2257649,-76.4916323,
443532617,44.2221778,-76.5010057,
443532619,44.2222781,-76.5009929,
443532621,44.2223766,-76.5011126,
443532623,44.2223921,-76.5009465,
443532625,44.2225309,-76.4981817,
443532632,44.2219738,-76.4906678,
443536021,44.2218446,-76.4914715,
465090740,44.2273672,-76.4989087,
465090749,44.2262116,-76.4984996,
465090751,44.2260561,-76.4983353,
465090760,44.2264326,-76.4974971,
465090763,44.2276407,-76.4979234,
465090764,44.2270223,-76.4977053,
465090767,44.2270392,-76.4971681,
465090768,44.2266056,-76.4971512,
465090770,44.2266064,-76.4975584,
465090772,44.2273408,-76.4987697,
465090781,44.2266061,-76.4976019,
465090784,44.227005,-76.4977626,
465090787,44.2274734,-76.4980448,
465101884,44.2260068,-76.4996324,
465101885,44.2268886,-76.4987351,
465101886,44.2268639,-76.4988774,
465101887,44.2264815,-76.4985934,
465101888,44.2264559,-76.4987296,
465101889,44.2271418,-76.4988232,
465103469,44.226241,-76.4975053,
465188773,44.2224594,-76.5010858,
465188776,44.2224729,-76.5009526,
470094897,44.227256,-76.498955,
526540892,44.224329,-76.4945616,
526540898,44.2243852,-76.4941584,
603252397,44.2298253,-76.4950679,
642336684,44.2245102,-76.5011169,
642336704,44.2247419,-76.4996054,
642340466,44.224806,-76.495678,
642340478,44.2249666,-76.4959478,
642340485,44.2247206,-76.4955174,
650963259,44.227716,-76.4915079,
650965668,44.2289362,-76.4931136,
655446916,44.2227685,-76.4913802,
796572716,44.2298236,-76.4896813,
796572722,44.2299524,-76.4896484,
796572726,44.2293477,-76.4897983,
796572745,44.229837,-76.4898543,
796572746,44.2293799,-76.4899742,
1327029793,44.2220462,-76.4918357,
1553158939,44.2268552,-76.4947191,
1696386971,44.2240478,-76.4964642,
1696386973,44.2252434,-76.4979234,
1696386974,44.2253447,-76.4927859,
1696386976,44.22566,-76.496583,
1705398509,44.2259675,-76.4931669,
1705398648,44.2250034,-76.4964104,
1720958476,44.227297,-76.493023,
2003715649,44.2254804,-76.4933791,
2003715655,44.2256717,-76.4939472,
2003715672,44.225913,-76.4935975,
2164610677,44.2289563,-76.4942371,
2164610681,44.228906,-76.4942432,
2418403626,44.2258618,-76.4973781,
2418403630,44.2262952,-76.499539,
2418403631,44.2264313,-76.4987709,
2418403632,44.2264524,-76.4995932,
2418403633,44.2265851,-76.4988268,
2418403634,44.2266202,-76.499614,
2418403636,44.2267481,-76.498886,
2418403637,44.2267943,-76.4996048,
2418403638,44.2269095,-76.4989446,
2418403639,44.2269643,-76.4995777,
2418407366,44.2267553,-76.493398,
2418407367,44.2267586,-76.4928585,
2418407370,44.2269018,-76.4928566,
2418407371,44.2270775,-76.4923649,
2418407372,44.2270823,-76.4928552,
2418408381,44.2282442,-76.491271,
2418408384,44.2282335,-76.4915614,
2418408388,44.228391,-76.4915421,
2418408392,44.2284664,-76.4921292,
2418408396,44.2285431,-76.4913042,
2418408398,44.2285555,-76.4915219,
2418408400,44.2286124,-76.4921662,
2418408403,44.2285841,-76.4919731,
2418408405,44.2286998,-76.4910339,
2418408408,44.2287213,-76.4915015,
2418408410,44.2287515,-76.4921571,
2418408412,44.2288558,-76.4921502,
2418408414,44.228897,-76.4921476,
2418408530,44.224839,-76.4974153,
2418408531,44.2249565,-76.4973578,
2418412218,44.225978,-76.5007147,
2418412274,44.2282686,-76.4905319,
2418412275,44.2283044,-76.4907914,
2418412276,44.2283565,-76.4906151,
2418412277,44.22843,-76.4908039,
3280440265,44.223914,-76.4977719,
3280440266,44.2242495,-76.4978188,
3280440267,44.2243175,-76.4980374,
3280440269,44.2244637,-76.4971888,
3280440272,44.2243259,-76.4964959,
3280440274,44.2243511,-76.4968017,
3280440275,44.2238638,-76.4977537,
3280440276,44.2248752,-76.4967365,
4529259557,44.2221632,-76.4933352,
6154665652,44.2240778,-76.4969793,
6154665783,44.2259102,-76.4925523,
6154665794,44.2259135,-76.4923493,
6154665864,44.225672,-76.495131,
6240010793,44.2282454,-76.4913591,
6240010795,44.2285523,-76.4924343,
6240010801,44.2296535,-76.4930761,
6246290996,44.2245685,-76.4984525,
6492039826,44.2239181,-76.4946175,
6492068562,44.2234828,-76.4950136,
6492068565,44.223783,-76.495016,
6492068566,44.2234902,-76.4949519,
6492068567,44.2237849,-76.4949516,
6719078982,44.2269922,-76.4944087,
6719078983,44.2273707,-76.493997,
6719078984,44.2271185,-76.4939985,
6719106985,44.2271164,-76.4934037,
6719106986,44.2265727,-76.4939638,
6719106988,44.2268575,-76.4951988,
7281113884,44.2254817,-76.4954996,
7281137848,44.2251042,-76.4900211,
7281185750,44.2259125,-76.493951,
7281185752,44.2259124,-76.4939748,
7281185754,44.2268438,-76.4939708,
7281185755,44.226842,-76.4940937,
7281185757,44.2267171,-76.4939675,
7281185758,44.2265326,-76.4934629,
7281185759,44.2270045,-76.4934666,
7281185760,44.2271166,-76.4934679,
7281185763,44.2275912,-76.4935146,
7281185764,44.2275912,-76.4934659,
7281185765,44.2276514,-76.493565,
7281185766,44.2277039,-76.4936727,
7281185767,44.227673,-76.4931512,
7281185768,44.2274281,-76.4933599,
7281185770,44.2263229,-76.4934519,
7281185771,44.2265319,-76.4935524,
7281185772,44.2262532,-76.4935407,
7281185773,44.2263925,-76.493541,
7281185778,44.2276346,-76.4923992,
7281185781,44.2272854,-76.4919506,
7281185783,44.2270237,-76.4948449,
7281191185,44.2254842,-76.4952783,
7281191186,44.2254194,-76.4950936,
7281191187,44.2254358,-76.4948246,
7281191188,44.2255535,-76.4948284,
7281191189,44.2248792,-76.4916672,
7281191193,44.2253927,-76.4921527,
7281191194,44.2250426,-76.4923218,
7281191196,44.2256266,-76.4922897,
7281191197,44.2256861,-76.4918964,
7281191201,44.2260004,-76.4922247,
7281191202,44.2258591,-76.4926077,
7281191203,44.2258148,-76.4925194,
7281191205,44.2259437,-76.4931495,
7281191206,44.2258913,-76.4928313,
7281191207,44.2259411,-76.4927128,
7281191208,44.2258645,-76.4926408,
7281191209,44.2260013,-76.4927173,
7281191210,44.2255544,-76.4930366,
7281207385,44.2271502,-76.4947194,
7281207386,44.2269785,-76.4954851,
7281207387,44.2268579,-76.4952903,
7281207388,44.2267225,-76.495488,
7281207389,44.2268763,-76.4946389,
7281207391,44.2262777,-76.4943224,
7281207392,44.2263767,-76.494322,
7281217940,44.2230633,-76.4995692,
7281217942,44.2234182,-76.4996088,
7281224165,44.2226391,-76.4926593,
7281224172,44.2220486,-76.4914543,
7281224176,44.2226341,-76.4958168,
7281224178,44.2229124,-76.4950829,
7281224179,44.2230379,-76.4950916,
7281224183,44.2224899,-76.4899209,
7281232389,44.221953,-76.4902106,
7281232851,44.2215972,-76.5017421,
7281232865,44.2215674,-76.5017309,
7281232866,44.2214115,-76.5015794,
7281232868,44.2224279,-76.4980619,
7281232869,44.2224089,-76.4982823,
7281261048,44.2246222,-76.496757,
7281261049,44.2249782,-76.4976517,
7281261050,44.2248273,-76.4974532,
7281261052,44.224892,-76.4970108,
7281261061,44.2253418,-76.497545,
7281261062,44.2253346,-76.4975882,
7281261063,44.2254504,-76.4978677,
7281261064,44.2253245,-76.4979572,
7281261065,44.2253816,-76.4980999,
7281261068,44.2256953,-76.4979086,
7281261070,44.2255899,-76.4982789,
7281261071,44.2254988,-76.4980943,
7281261084,44.2257946,-76.4971153,
7281264447,44.227157,-76.4994682,
7281264451,44.2273641,-76.4985255,
7281264452,44.2274152,-76.4982531,
7281264453,44.2274083,-76.4981058,
7281264455,44.2273007,-76.4978035,
7281264456,44.22743,-76.4985481,
7281264457,44.2274777,-76.4982743,
7281264458,44.2269225,-76.4987469,
7281264465,44.2270907,-76.4977294,
7281264466,44.2272974,-76.4986587,
7281264467,44.2272661,-76.4986111,
7281264468,44.2273702,-76.498493,
7281264469,44.2273359,-76.4984746,
7281264470,44.2274092,-76.4982849,
7281264471,44.2273689,-76.4982841,
7281264472,44.2273617,-76.4981234,
7281264474,44.2272865,-76.4971197,
7281264475,44.2277135,-76.497087,
7281264477,44.2266503,-76.4963097,
7281264478,44.2270321,-76.4961659,
7281264479,44.2270293,-76.4956676,
7281264480,44.2270423,-76.4966065,
7281264482,44.2270034,-76.4963061,
7281272389,44.2261217,-76.4984298,
7281272395,44.2258912,-76.4974155,
7281272398,44.22596,-76.4971641,
7281272399,44.2259584,-76.4966647,
7281272401,44.2261071,-76.4965192,
7281272402,44.2257557,-76.4963774,
7281272403,44.2257568,-76.4965822,
7281272406,44.2262773,-76.4947036,
7281272425,44.2241648,-76.4956913,
7281272427,44.2235381,-76.495514,
7281272429,44.2237519,-76.4957511,
7281272431,44.2234244,-76.4950132,
7281272432,44.2232467,-76.4982693,
7281272433,44.2234945,-76.4967501,
7281272435,44.2232536,-76.4982058,
7281272440,44.2239514,-76.4967984,
7281272442,44.2239145,-76.4967887,
7281272443,44.2231229,-76.4966086,
7281272446,44.2229053,-76.4963845,
7281272449,44.2232783,-76.4965039,
7281308494,44.2270743,-76.4963011,
7281308498,44.2270407,-76.4963576,
7281308500,44.2274435,-76.4962938,
7281308501,44.22753,-76.4964103,
7281308503,44.2277525,-76.4962205,
7281308504,44.2277541,-76.4964068,
7281308505,44.2277509,-76.4960262,
7281308508,44.2267854,-76.4963088,
7281308509,44.2270429,-76.496744,
7281308510,44.2271047,-76.4971676,
7281308512,44.2272587,-76.4977886,
7281308513,44.2273042,-76.4975402,
7281308514,44.2272945,-76.4975931,
7281308515,44.2270538,-76.4975223,
7281308518,44.2269221,-76.4976699,
7281308521,44.2271011,-76.4966057,
7281308522,44.2270992,-76.4963003,
7281308523,44.2272497,-76.4956654,
7281308525,44.2270292,-76.4957838,
7281308526,44.227029,-76.4957652,
7281308527,44.2268601,-76.4957664,
7281308528,44.2268601,-76.4956693,
7281308530,44.2266486,-76.4957885,
7281308532,44.2263245,-76.4957912,
7281308534,44.2265191,-76.4957385,
7281308536,44.2253311,-76.4956848,
7281308538,44.2250679,-76.4959746,
7281308539,44.2250361,-76.4961424,
7281308541,44.2251252,-76.4959745,
7283492045,44.2244109,-76.4955205,
7283492046,44.2244335,-76.4952217,
7283492047,44.2244399,-76.4951282,
7283492049,44.2246506,-76.4950515,
7283492051,44.2245162,-76.4947258,
7283492052,44.2244426,-76.4945743,
7283492055,44.2245855,-76.4939248,
7283492057,44.2245047,-76.4937009,
7283492062,44.2245657,-76.4937285,
7283492067,44.2250135,-76.4922918,
7283492068,44.2248142,-76.4918454,
7283492069,44.225022,-76.4921957,
7283492070,44.2245196,-76.4944018,
7283492071,44.2247072,-76.4944376,
7283492072,44.2245245,-76.4948252,
7283492074,44.2246647,-76.4948789,
7283492075,44.225431,-76.4949208,
7283492076,44.2254352,-76.4949399,
7317211989,44.22362,-76.4923943,
7317211998,44.2234867,-76.4923668,
7317212001,44.2237894,-76.4920257,
7317212016,44.2239369,-76.4918142,
7317212017,44.2239072,-76.4920135,
7317212019,44.2237511,-76.49208,
7317212020,44.2239276,-76.4918743,
7317212021,44.2239771,-76.4920336,
7317212023,44.2239513,-76.4949528,
7317212041,44.2243753,-76.4942291,
7317212047,44.2243349,-76.4945198,
7317218678,44.2281429,-76.490359,
7317218679,44.2278684,-76.4901899,
7317218680,44.2280146,-76.489604,
7317218681,44.2284731,-76.4898156,
7317218682,44.2280074,-76.4907641,
7317218691,44.2283213,-76.4899856,
7317218692,44.2281525,-76.4908433,
7317218695,44.2286173,-76.4897665,
7317218696,44.2281514,-76.4907753,
7317219673,44.2274951,-76.4904335,
7317219674,44.2275603,-76.49001,
7317219678,44.2274964,-76.4904616,
7317219680,44.225992,-76.4895855,
7317219683,44.2234967,-76.490469,
7317232885,44.2235886,-76.4904806,
7317232888,44.223509,-76.4916298,
7317232894,44.2246786,-76.4919679,
7317232911,44.2246604,-76.4921203,
7317232919,44.2227451,-76.491564,
7317232928,44.2234087,-76.491593,
7317232937,44.2241619,-76.49141,
7317232939,44.2238866,-76.4913293,
7317232940,44.2238744,-76.4913906,
7317232941,44.2238706,-76.4913246,
7317232943,44.223877,-76.4913774,
7317232944,44.223501,-76.4909843,
7317232945,44.2236523,-76.4910273,
7317232948,44.22355,-76.490997,
7317232951,44.2238101,-76.4909556,
7317232955,44.2244119,-76.4910401,
7317232960,44.2257508,-76.4954986,
7317232964,44.2254842,-76.4952957,
7317232969,44.2260452,-76.4954949,
7317232970,44.2260444,-76.4952845,
7364594797,44.222866,-76.4995437,
7364594799,44.2230537,-76.4997865,
7364594835,44.224677,-76.499548,
7364594837,44.2246778,-76.4999161,
7364594839,44.224738,-76.500337,
7364594840,44.2245999,-76.5002931,
7364594841,44.2247234,-76.5004665,
7364594842,44.2245718,-76.5004292,
7364594934,44.2245902,-76.4992934,
7364594935,44.2243915,-76.4991789,
7364594936,44.2245546,-76.4992665,
7364594943,44.2248666,-76.4980943,
7364594945,44.2249613,-76.4981095,
7364594946,44.2248796,-76.4980321,
7364594948,44.224782,-76.4980644,
7364594950,44.2247851,-76.4974458,
7364594954,44.2239134,-76.4982329,
7364594955,44.2238721,-76.4982252,
7364594957,44.2239895,-76.4964601,
7364594963,44.2240082,-76.4954732,
7364594966,44.2239589,-76.4992452,
7364594970,44.2238016,-76.4989628,
7364594971,44.2241097,-76.4986913,
7364594975,44.2241805,-76.4984197,
7364594977,44.223958,-76.4973541,
7364594982,44.2244037,-76.4970524,
7364595016,44.2245054,-76.4964611,
7364595019,44.2245038,-76.4961876,
7364595020,44.2245065,-76.4963286,
7364595021,44.2244958,-76.4963294,
7364595022,44.2244965,-76.4964449,
7364595026,44.2244866,-76.4960143,
7364595027,44.2244682,-76.4962785,
7364595033,44.2240564,-76.4963984,
7364595034,44.2243406,-76.4966649,
7364595035,44.2240345,-76.4966044,
7364595036,44.2242279,-76.4966419,
7364595037,44.2242264,-76.4966917,
7364595038,44.2239985,-76.4969634,
7364595042,44.2244768,-76.4965337,
7364595043,44.224271,-76.4957458,
7364595044,44.2242981,-76.4958294,
7364595064,44.2245281,-76.4984454,
7364595065,44.2244968,-76.4987795,
7364595094,44.2249013,-76.4993179,
7364595095,44.2250883,-76.4991074,
7364595096,44.2248259,-76.4993361,
7364595104,44.224921,-76.4988341,
7364595111,44.2252131,-76.4980463,
7364595113,44.2251956,-76.4985702,
7364595114,44.2253161,-76.498601,
7364595115,44.2251666,-76.4987046,
7364595116,44.2252271,-76.4987583,
7364595117,44.2251192,-76.4987608,
7364595119,44.2250362,-76.4989593,
7364595120,44.2249813,-76.4988151,
7364595134,44.2252149,-76.4993127,
7364595135,44.2251448,-76.4991705,
7364595139,44.2252451,-76.4990579,
7364595142,44.2252918,-76.4993265,
7364595143,44.2252389,-76.4990447,
7383296692,44.2220279,-76.4915517,
7383296701,44.2223042,-76.4930697,
7383296703,44.2227809,-76.4926058,
7386262453,44.2225087,-76.4936321,
7386290320,44.2225525,-76.4935217,
7386290321,44.2225644,-76.4933056,
7386290322,44.2229951,-76.4944258,
7386290324,44.222699,-76.4944053,
7386290325,44.222985,-76.4948772,
7386290326,44.2226585,-76.4948893,
7386290327,44.2224664,-76.4948854,
7386290328,44.2223089,-76.4948822,
7386290329,44.2226605,-76.4946869,
7386290331,44.2224414,-76.494636,
7386290332,44.2224419,-76.4944139,
7386290333,44.2224423,-76.4941803,
7386290334,44.2224428,-76.4939489,
7386290336,44.2221168,-76.4937135,
7386290337,44.2221552,-76.4939445,
7386290338,44.2221924,-76.4941764,
7386290339,44.2222158,-76.4944099,
7386290340,44.2222549,-76.4946306,
7386290349,44.2223116,-76.4993882,
7386290350,44.2224737,-76.4995408,
7386290356,44.222294,-76.4995883,
7386290357,44.2223968,-76.4994696,
7386290358,44.22249,-76.4993382,
7386290360,44.2223465,-76.4990096,
7386290361,44.2222799,-76.4997669,
7393223942,44.2245646,-76.4928697,
7393223944,44.2243587,-76.4928178,
7393223946,44.2245342,-76.4930887,
7393223947,44.2243952,-76.493056,
7393223948,44.2244959,-76.4933635,
7393223958,44.2245498,-76.4933756,
7393223964,44.2243892,-76.4930332,
7393223965,44.2244145,-76.4928319,
7393223966,44.2244743,-76.4923658,
7393223967,44.2246285,-76.4924112,
7393223968,44.2244112,-76.492347,
7393223969,44.2243483,-76.493022,
7426887505,44.2245363,-76.50042,
7426887535,44.2247609,-76.4996783,
7426887537,44.2246357,-76.4994388,
7426893331,44.2236796,-76.4996383,
7426893332,44.2236536,-76.5000583,
7434257088,44.2246362,-76.493752,
7434257094,44.2254806,-76.493459,
7434257102,44.2273172,-76.4919013,
7434257112,44.2258699,-76.4922471,
7726898255,44.2297971,-76.4955361,
7726914237,44.2297982,-76.4984003,
7726914238,44.2298492,-76.4968804,
7726914239,44.2297932,-76.4985476,
7726914244,44.2289177,-76.4955203,
7726914246,44.2285736,-76.4982735,
7726914249,44.2298089,-76.4999924,
7726914254,44.2298055,-76.4999138,
7726914256,44.2298455,-76.4984788,
7726914258,44.2298976,-76.496966,
7726914267,44.2296888,-76.4999812,
7726914271,44.2296914,-76.4999029,
7726914274,44.229791,-76.4969541,
7726914277,44.229741,-76.4984688,
7726914280,44.2277213,-76.4998687,
7726914282,44.2297398,-76.500081,
7726914283,44.2298121,-76.500094,
7726944421,44.2279258,-76.4967659,
7726944428,44.2270829,-76.5013831,
7726944436,44.2276526,-76.4982455,
7726944438,44.2290339,-76.4956521,
7726944439,44.229877,-76.4956844,
7726944442,44.2298186,-76.4956809,
7726944443,44.2299405,-76.4956894,
7726944445,44.229027,-76.4963651,
7726944446,44.2291565,-76.4963689,
7726944449,44.2290347,-76.4955862,
7726944454,44.2289599,-76.4970962,
7726944455,44.2286478,-76.4970767,
7726944456,44.2289503,-76.497329,
7726944457,44.2286357,-76.4973127,
7726944458,44.2289411,-76.4975536,
7726944459,44.228622,-76.4975373,
7726944462,44.2285676,-76.498356,
7726944463,44.2279944,-76.4957042,
7726944464,44.228019,-76.4956562,
7726944465,44.2280067,-76.4954932,
7726944468,44.2278084,-76.49571,
7726944471,44.2279473,-76.4966355,
7726944472,44.2279075,-76.4968774,
7726944474,44.2276336,-76.4983419,
7726944478,44.2273777,-76.4997585,
7726944480,44.2272511,-76.4996159,
7726944481,44.2273914,-76.4996803,
7726944482,44.2273626,-76.4998452,
7726944483,44.2271038,-76.5012857,
7726944484,44.2270627,-76.501472,
7726963185,44.2296857,-76.5000716,
7726963189,44.2289661,-76.4969462,
7726963192,44.2298963,-76.4968821,
7726963193,44.2297922,-76.4968784,
7726963195,44.2286337,-76.4969171,
7726963197,44.2297897,-76.497037,
7726963200,44.2276707,-76.4981543,
7726963202,44.2297445,-76.49839,
7726963203,44.2298448,-76.4984093,
7726963207,44.2298447,-76.4985551,
7726963208,44.2297378,-76.4985396,
7726963223,44.2277047,-76.5003602,
7726963224,44.2277238,-76.4997942,
7729255016,44.2269561,-76.5013702,
7729537603,44.2244516,-76.5012519,
7729537614,44.2247325,-76.5011306,
7729537616,44.2269676,-76.5013047,
7729537617,44.2269441,-76.5014376,
7729537618,44.2243997,-76.501248,
8680578966,44.2226905,-76.4952816,
8680629548,44.2240898,-76.4918625,
8680629551,44.2240804,-76.4919221,
9071818770,44.2288659,-76.4935996,
9071818771,44.2289691,-76.4936,
9071818773,44.2277895,-76.4937285,
9077669735,44.2257772,-76.4910062,
9078219312,44.226424,-76.4926564,
9091240924,44.2256665,-76.493154,
9091240926,44.225911,-76.4948685,
9091466875,44.2256581,-76.4963447,
9092632761,44.2257923,-76.4967123,
9095033355,44.2297432,-76.4944534,
9095033356,44.2288973,-76.4941035,
9095033357,44.2288749,-76.4945754,
9095117648,44.2242433,-76.4925148,
9095293134,44.2285256,-76.4950621,
9095309669,44.2285197,-76.4949648,
9095309670,44.2286519,-76.4949487,
9102215290,44.224513,-76.49445,
9110966464,44.2275745,-76.4979001,
9115439729,44.2297833,-76.495068,
9115439730,44.2298567,-76.4955355,
9115439743,44.226424,-76.499823,
9127297633,44.2265328,-76.4966914,
9127297634,44.2264679,-76.4975096,
9130930602,44.2265992,-76.4966913,
9130930603,44.2266733,-76.4967883,
9130930615,44.2270318,-76.4961299,
9130930616,44.2271172,-76.4961306,
9130940221,44.2277241,-76.4960264,
9130940222,44.2278491,-76.4960254,
9130940229,44.2275309,-76.4964635,
9130940230,44.2277089,-76.4964074,
9130940232,44.2277601,-76.496835,
9130940235,44.2270769,-76.4973878,
9130940236,44.2270387,-76.4971152,
9130940237,44.226326,-76.4959347,
9130940238,44.2265204,-76.4959298,
9130940239,44.2265187,-76.4956728,
9130940240,44.2260965,-76.4957921,
9130940241,44.2263234,-76.4956748,
9130940242,44.2259842,-76.4959528,
9130940243,44.2259837,-76.4956782,
9130940244,44.225845,-76.4959538,
9130940245,44.2258429,-76.4956797,
9130940246,44.2258616,-76.4972191,
9130940249,44.2259443,-76.4970707,
9130940250,44.225794,-76.4970058,
9130940251,44.2258769,-76.4970049,
9130940252,44.2250569,-76.4971882,
9130940254,44.225198,-76.4971361,
9130940255,44.2250974,-76.4974871,
9130940274,44.2276534,-76.4974388,
9130940275,44.2275655,-76.4974077,
9130940276,44.2273875,-76.4972962,
9130940277,44.2274259,-76.4970826,
9130954359,44.2250861,-76.4980436,
9130954372,44.2264323,-76.4997546,
9133614294,44.2245789,-76.5002863,
9135958220,44.227373,-76.4943435,
9135958224,44.2269157,-76.4939983,
9135958229,44.2268786,-76.4942531,
9135966947,44.2271578,-76.4962551,
9135966948,44.2271583,-76.4962995,
9135966949,44.2272615,-76.496298,
9135966950,44.2272612,-76.4962097,
9136006831,44.2271021,-76.4967774,
9136006833,44.2271166,-76.4967773,
9136006834,44.2271371,-76.497159,
9136006836,44.2271027,-76.4968797,
9136013716,44.2271053,-76.497233,
9136024717,44.2274601,-76.4973914,
9136024721,44.227437,-76.4973834,
9136024722,44.2271051,-76.4972164,
9136490645,44.2268514,-76.4933525,
9136490646,44.2265306,-76.4922401,
9136490647,44.2268577,-76.4929347,
9136490649,44.2265617,-76.4918304,
9137758994,44.2267592,-76.4923473,
9137921806,44.2266137,-76.4915476,
9137921810,44.2268023,-76.4917338,
9137921814,44.2261374,-76.4916223,
9137925619,44.2266156,-76.4914984,
9137925626,44.2266035,-76.4915467,
9137925629,44.2258041,-76.4906045,
9137925631,44.2265958,-76.4917136,
9138728844,44.2255555,-76.4912042,
9138728846,44.2257498,-76.4912242,
9138728847,44.2255568,-76.4910824,
9138728848,44.22557,-76.4912057,
9138728849,44.2255751,-76.4911057,
9140017288,44.2282575,-76.4930769,
9140041331,44.2288659,-76.4931149,
9140041353,44.2278918,-76.4942271,
9140797380,44.2254072,-76.4953124,
9140797381,44.225484,-76.4953293,
9150433757,44.2227437,-76.4927071,
9150433758,44.2228005,-76.4926862,
9150433773,44.2239472,-76.4940698,
9150433777,44.2240261,-76.493682,
9150433782,44.2237578,-76.4918253,
9150433783,44.2237169,-76.4921038,
9150433784,44.2239308,-76.4925946,
9150433785,44.223442,-76.4917539,
9150433793,44.2233056,-76.492013,
9150475244,44.2238621,-76.4904911,
9150475245,44.2238364,-76.4909608,
9150475252,44.2237358,-76.4910798,
9150475253,44.223754,-76.4909488,
9150475254,44.2238145,-76.4909272,
9153613544,44.2227955,-76.4929058,
9155865622,44.2235085,-76.4908767,
9155865623,44.223248,-76.4908511,
9155865624,44.2234641,-76.4908724,
9177254363,44.2244232,-76.4909579,
9177254367,44.2238696,-76.4909346,
9177254368,44.2237088,-76.4908215,
9177254369,44.2238808,-76.490936,
9177254373,44.2244258,-76.4910436,
9177254376,44.2238498,-76.4907531,
9177254381,44.2238915,-76.490972,
9177254382,44.2237155,-76.4904772,
9191952701,44.2261006,-76.4908823,
9191952704,44.2261083,-76.4907149,
9191952709,44.2258533,-76.4910126,
9191952711,44.2258334,-76.4914864,
9191952712,44.2261032,-76.4908279,
9194043235,44.2283166,-76.4930016,
9194043236,44.2283194,-76.4930816,
9194043237,44.2283505,-76.4935642,
9194043238,44.2283435,-76.4934564,
9194043242,44.2282285,-76.4934687,
9203643986,44.2263704,-76.4933914,
9203643987,44.2262345,-76.4936952,
9203643988,44.2261852,-76.4936942,
9214954288,44.2297481,-76.4938658,
9214954292,44.2300978,-76.4936418,
9214954293,44.2297944,-76.4938565,
9216707255,44.2299607,-76.4898166,
9216707256,44.2299562,-76.4897229,
9216707257,44.2295703,-76.4909153,
9216707260,44.2299885,-76.4909621,
9216707276,44.2283683,-76.4905912,
9225759367,44.2235896,-76.4903932,
9225759373,44.2227069,-76.4903565,
9239075959,44.2283427,-76.4918958,
9239110874,44.2283844,-76.4914363,
9239110876,44.2284116,-76.4918738,
9239139612,44.2258283,-76.4965816,
9241415671,44.2290566,-76.491002,
9241415673,44.2291371,-76.4918305,
9241415675,44.2288863,-76.4918361,
9241415676,44.2290589,-76.4909278,
9241415677,44.2289313,-76.4918351,
9241415678,44.228917,-76.4914846,
9241415680,44.2291379,-76.4919946,
9241415681,44.2288742,-76.4914878,
9241415683,44.2290682,-76.4915025,
9277894610,44.2277989,-76.4901493,
9277894615,44.227533,-76.4907006,
9279442289,44.2277604,-76.4976848,
9279442290,44.2280198,-76.4977173,
9279442291,44.2292865,-76.4963727,
9279442292,44.2294708,-76.4969166,
9279442293,44.2294909,-76.4963359,
9279442294,44.2294729,-76.4968523,
9279442295,44.2294141,-76.4963295,
9279442296,44.2295772,-76.4963431,
9284563288,44.2288079,-76.4910141,
9284563306,44.2276595,-76.4928873,
9284563308,44.2276701,-76.4930936,
9284563312,44.228928,-76.4909969,
9284563316,44.228913,-76.4910139,
9284657120,44.2296418,-76.4910766,
9284657122,44.2297531,-76.4929475,
9284657169,44.2301408,-76.490973,
9284657199,44.2289499,-76.4932992,
9284657200,44.2289425,-76.4931874,
9284657208,44.2290159,-76.4935345,
9284657215,44.2288249,-76.4955148,
9284657224,44.228995,-76.4955248,
9284657228,44.2289721,-76.4950763,
9284657253,44.2298982,-76.4970413,
9284657258,44.2298728,-76.4960836,
9284657259,44.2298259,-76.4960809,
9284657260,44.2293645,-76.4968411,
9284657285,44.2248758,-76.4905148,
9284794286,44.2298442,-76.4970392,
9284799519,44.229746,-76.4999081,
9301551834,44.2252119,-76.490921,
9301551835,44.2251393,-76.4906184,
9301551837,44.2250197,-76.49046,
9301551838,44.2249392,-76.4904534,
9301551849,44.2278349,-76.491811,
9316158941,44.2280758,-76.4928397,
9316158945,44.2278127,-76.492839,
9316158946,44.2279911,-76.4928502,
9316158947,44.2279963,-76.4929177,
9450180998,44.2299486,-76.4901785,
9450181000,44.2300062,-76.490162,
9499843966,44.227989,-76.4982153,
9499866357,44.2283139,-76.4967327,
9499866361,44.2287644,-76.4967792,
9501939602,44.2249066,-76.4911728,
9501939605,44.2249363,-76.4909504,
9501939606,44.2251305,-76.490767,
9501939608,44.2251346,-76.4906965,
9509376264,44.223049,-76.4947549,
9509376266,44.2229193,-76.4948631,
9509376271,44.2240362,-76.4960375,
9509376281,44.2225949,-76.4995517,
9518377195,44.2277183,-76.4999588,
9518377196,44.2274714,-76.4999317,
9550828466,44.2276588,-76.4934676,
9550828468,44.2276944,-76.4935322,
9556833088,44.2228845,-76.4948553,
9556833093,44.2228629,-76.4944808,
9558379590,44.229279,-76.491025,
9558379591,44.2292769,-76.4910932,
9558379592,44.229165,-76.4910846,
9558379593,44.229164,-76.4910131,
9558379594,44.2290566,-76.4910796,
9558379597,44.2291101,-76.4910075,
9558379598,44.2291319,-76.4905625,
9558379599,44.2290886,-76.4905533,
9558379600,44.2291987,-76.4904382,
9558379601,44.2291497,-76.4904332,
9558379602,44.2291223,-76.4905604,
9558379603,44.2290772,-76.4907773,
9558379605,44.2291038,-76.490877,
9558379608,44.2290125,-76.4907027,
9569094719,44.2226692,-76.4918452,
9569094724,44.2226904,-76.4924459,
9569094725,44.2227231,-76.4919184,
9569094726,44.22274,-76.4923869,
9569094727,44.2227565,-76.4924937,
9569094733,44.222831,-76.4915636,
9578090958,44.2280058,-76.4956819,
9578090961,44.2279928,-76.4954821,
9578090962,44.227906,-76.4955729,
9580679986,44.2262186,-76.4956758,
9580680007,44.2243878,-76.4949729,
9580680008,44.2243667,-76.4951361,
9593248328,44.2284705,-76.4941563,
9600731932,44.2264567,-76.4971141,
9604207816,44.223608,-76.4994714,
9611722168,44.2293202,-76.4925373,
9611722169,44.2293758,-76.4925307,
9611722170,44.2296319,-76.4925,
9611722173,44.2293284,-76.4918487,
9611722175,44.2296623,-76.4924964,
9611785749,44.2296246,-76.489889,
9611785750,44.2296133,-76.4898162,
9611786407,44.229878,-76.4914226,
9611786408,44.2297548,-76.4910038,
9611786409,44.2296009,-76.491421,
9611786413,44.2296818,-76.4920415,
9611786415,44.2296366,-76.492047,
9611786416,44.2296427,-76.4914157,
9611794617,44.2300496,-76.4919792,
9611794618,44.229757,-76.4909445,
9621289855,44.2302087,-76.4911379,
9666981599,44.2280402,-76.4977196,
9666981600,44.2281328,-76.4973519,
9667054872,44.2285501,-76.4974055,
9667054873,44.2285773,-76.4974089,
9667054875,44.2286104,-76.4973013,
9667054877,44.2285872,-76.4970752,
9667054879,44.2286101,-76.4969146,
9667054880,44.2282257,-76.4969807,
9667054881,44.2282311,-76.4968749,
9667054882,44.2281342,-76.4982298,
9667054883,44.22814,-76.4981353,
9667054884,44.2282389,-76.4981644,
9667054885,44.2282346,-76.4982397,
9667173162,44.2280022,-76.4980017,
9667173164,44.2280338,-76.4980055,
9667200297,44.2267482,-76.4986382,
9667200300,44.2271529,-76.4989244,
9667200301,44.2273569,-76.4989725,
9667200303,44.2274278,-76.4990505,
9667202062,44.2259507,-76.4995991,
9667202063,44.2259821,-76.4994305,
9667202071,44.226174,-76.4984326,
9667202072,44.2259377,-76.4996685,
9667203266,44.226182,-76.4986635,
9667203269,44.2262429,-76.4986847,
9668207354,44.2261016,-76.4994889,
9668207358,44.2260371,-76.4994662,
9668207360,44.2259938,-76.4997023,
9668207361,44.2260228,-76.4983654,
9668510463,44.2274911,-76.4979484,
9668510464,44.2275042,-76.4978753,
9668510465,44.2274658,-76.4980841,
9668510467,44.2275384,-76.4981101,
9668510469,44.227347,-76.4987353,
9668510470,44.2273946,-76.4987513,
9670486797,44.2267655,-76.4998108,
9674812693,44.2289321,-76.5010701,
9674812694,44.2286858,-76.5010497,
9674832713,44.2247094,-76.5005909,
9674832714,44.2250221,-76.5006201,
9674832715,44.2247462,-76.5005944,
9674832716,44.2286363,-76.5010456,
9674855620,44.2285912,-76.5010421,
9675139942,44.2276328,-76.5009626,
9675139943,44.2271772,-76.5008803,
9675139946,44.2276127,-76.5014251,
9675139949,44.2276153,-76.5013648,
9684443687,44.225873,-76.4922928,
9684443697,44.2255509,-76.4934589,
9712286384,44.2238113,-76.4916244,
9712295934,44.2240958,-76.4918316,
9712295935,44.2241104,-76.4914557,
9712295936,44.22415,-76.4914065,
9712295941,44.2241192,-76.4913975,
9712318580,44.2237971,-76.4917165,
9862843934,44.227309,-76.5001347,
9862843937,44.2273328,-76.4999999,
9862843938,44.2275613,-76.499467,
9862843939,44.227434,-76.4994451,
9863084829,44.2226704,-76.4980986,
9863084865,44.2224659,-76.497641,
9863084869,44.2224502,-76.4969774,
9863084879,44.2227659,-76.4910576,
9863084880,44.2227171,-76.4910567,
9863087486,44.2222519,-76.4931067,
9863114730,44.2248791,-76.4910503,
9863114731,44.2246628,-76.4910095,
9863639915,44.2248081,-76.4910369,
9863762720,44.224761,-76.4907117,
9863762721,44.2247708,-76.4905809,
9863762722,44.2243322,-76.4905376,
9863762725,44.2243971,-76.490544,
9863762726,44.2246081,-76.4907484,
9863762728,44.2245355,-76.4906643,
9863762729,44.2245433,-76.4905584,
9863762730,44.2245332,-76.4906945,
9863762731,44.2240513,-76.4905845,
9863762732,44.2240551,-76.4905102,
10558709315,44.2230483,-76.494797,
10558709318,44.223163,-76.4949626,
10558709319,44.2239463,-76.4957863,
10558709320,44.2238738,-76.4960234,
10558709325,44.2238076,-76.4978606,
10558709326,44.2234848,-76.4977911,
10565355991,44.2234625,-76.4997941,
10565355993,44.2230551,-76.4997544,
10565355994,44.2232233,-76.4997664,
10565355997,44.224063,-76.5003418,
10728059757,44.2260063,-76.5004625,
10728059758,44.2255553,-76.5006789,
10845023470,44.226738,-76.4934645,
10845023471,44.2267366,-76.4935085,
10847857162,44.2295268,-76.491072,
10847857183,44.2288579,-76.491014,
10847857184,44.2288935,-76.4908339,
10847857191,44.2253673,-76.4906397,
10847857195,44.225567,-76.4908153,
10847857196,44.2255768,-76.4906597,
10848029428,44.2229253,-76.4909433,
10858946735,44.2301571,-76.4907623,
10858946736,44.2300969,-76.4907779,
10869486008,44.2257332,-76.4916922,
10869486039,44.2270504,-76.4918157,
10869486040,44.2270686,-76.4914267,
10869486041,44.2270531,-76.4917575,
10872199001,44.226754,-76.493354,
10872199002,44.2265375,-76.4936786,
10872199003,44.2266082,-76.4936838,
11453456709,44.2223163,-76.4993372,
11453456713,44.2224147,-76.4982146,
11453499806,44.2222971,-76.4995526,
11453499809,44.2220694,-76.5011119,
11840636123,44.2287475,-76.4920701,
11840646469,44.2277377,-76.491823,
12465512277,44.2250106,-76.4969644,
